{"resourceType":"CodeSystem","id":"condition-category","text":{"status":"generated","div":"<div xmlns=\"http://www.w3.org/1999/xhtml\"><h2>US Core Condition Category Extension Codes</h2><div><p>Set of codes that are needed for implementation of the US-Core profiles. These codes are used as extensions to the FHIR and US Core value sets.</p>\n</div><p>This code system http://hl7.org/fhir/us/core/CodeSystem/condition-category defines the following codes:</p><table class=\"codes\"><tr><td><b>Code</b></td><td><b>Display</b></td><td><b>Definition</b></td></tr><tr><td>problem<a name=\"condition-category-problem\"> </a></td><td>Problem</td><td>The patients problems as identified by the provider(s). Items on the provider’s problem list</td></tr><tr><td>health-concern<a name=\"condition-category-health-concern\"> </a></td><td>Health Concern</td><td>Additional health concerns from other stakeholders which are outside the provider’s problem list.</td></tr></table></div>"},"url":"http://hl7.org/fhir/us/core/CodeSystem/condition-category","version":"1.0.0","name":"US Core Condition Category Extension Codes","status":"draft","date":"2017-03-21T11:28:08+11:00","publisher":"HL7 US Realm Steering Committee","description":"Set of codes that are needed for implementation of the US-Core profiles. These codes are used as extensions to the FHIR and US Core value sets.\n","caseSensitive":true,"valueSet":"http://hl7.org/fhir/us/core/ValueSet/condition-category","content":"complete","concept":[{"code":"problem","display":"Problem","definition":"The patients problems as identified by the provider(s). Items on the provider’s problem list"},{"code":"health-concern","display":"Health Concern","definition":"Additional health concerns from other stakeholders which are outside the provider’s problem list."}]}